entri,119
file,116
field,75
group,71
import,39
editor,38
add,37
work,36
open,35
save,33
bibtex,31
chang,31
link,31
new,31
export,30
tab,29
except,28
search,28
databas,27
error,27
display,26
name,26
set,26
dialog,25
main,24
format,23
select,23
cannot,22
key,22
preview,22
check,21
prefer,21
doi,20
menu,20
tabl,20
window,20
remov,19
text,19
renam,18
click,17
copi,17
updat,17
directori,16
integr,16
problem,16
test,16
type,16
use,16
correct,15
edit,15
fetcher,15
move,15
npe,15
pdf,15
wrong,15
biblatex,14
default,14
delet,14
generat,14
improv,14
url,14
code,13
custom,13
librari,13
miss,13
option,13
bib,12
cleanup,12
column,12
issu,12
latex,12
extern,11
ad,10
comment,10
download,10
duplic,10
empti,10
fail,10
freez,10
fulltext,10
jabref,10
keyword,10
longer,10
month,10
number,10
panel,10
result,10
show,10
xml,10
author,9
broken,9
bug,9
button,9
doesnt,9
find,9
icon,9
interfac,9
look,9
right,9
ris,9
