sourc,1063
unknown,1014
file,815
entri,802
name,602
messag,482
group,474
version,455
local,449
field,444
master,443
translat,427
dev,424
bibtex,421
dewarn,412
orgjabrefmergedmodul,411
jfxrtjar,398
set,387
format,381
use,373
snapshot,362
current,354
jar,342
user,336
open,302
java,277
window,271
reproduc,255
new,247
error,224
owner,215
select,212
chang,209
problem,209
test,207
click,199
databas,194
import,192
standard,192
step,190
main,189
comsunjavafxeventbasiceventdispatcherdispatchev,187
comsunjavafxeventeventdispatchchainimpldispatchev,187
method,187
save,187
run,184
search,182
work,180
javafxgraph,178
nativ,168
amd,166
pdf,165
author,163
editor,162
issu,160
key,158
titl,152
add,150
would,145
thread,140
edit,139
basiceventdispatcherjava,135
eventdispatchchainimpljava,135
except,135
link,134
prefer,133
option,129
type,129
eventqueuejava,128
latest,125
bib,124
dialog,123
creat,122
fa,118
case,117
eventdispatchthreadjava,117
log,117
see,116
display,113
javaawteventqueu,112
javasecurityaccesscontrollerdoprivileg,111
null,111
first,109
tab,108
follow,107
scenejava,107
comsunjavafxeventeventhandlermanagerdispatchbubblingev,104
remov,102
javafxbas,101
item,99
export,98
start,98
applic,97
biblatex,97
default,97
like,97
year,97
number,96
articl,95
preview,95
